cpu,memory,storage,hours_used,instance_type,region,network_in,network_out,storage_type,usage_type,service_tier,idle_time,total_cost,optimization_flag
38.71,35.02,375.73,660.56,large,ap-southeast,285.47,328.2,SSD,On-Demand,Standard,199.71,133.04,1
90.56,5.21,376.86,393.12,small,us-west,360.23,337.75,SSD,On-Demand,Basic,4.96,76.27,0
70.88,22.87,121.51,130.57,large,us-east,43.54,401.34,HDD,On-Demand,Standard,167.05,69.22,1
58.88,10.33,1485.98,507.13,small,ap-southeast,214.66,467.05,HDD,Reserved,Premium,73.07,125.52,0
19.04,5.93,1344.42,575.28,medium,ap-southeast,67.02,19.87,HDD,Reserved,Basic,168.32,60.39,1
19.04,63.38,975.53,241.73,small,us-west,310.27,85.35,HDD,Spot,Premium,110.92,62.34,1
10.23,21.99,1696.13,620.03,large,us-east,469.86,444.22,HDD,Reserved,Basic,180.33,72.6,1
82.96,52.21,1621.06,654.3,large,eu-west,334.27,234.67,HDD,On-Demand,Standard,185.24,181.1,1
59.1,17.79,1191.44,213.83,small,us-west,47.63,286.65,HDD,Reserved,Premium,1.82,94.56,0
68.73,44.25,1743.13,708.47,medium,us-east,183.79,334.88,SSD,Spot,Standard,15.08,115.81,0
6.85,49.13,451.39,118.5,medium,ap-southeast,279.83,342.74,HDD,Spot,Standard,50.07,30.53,1
92.29,38.93,268.24,161.41,large,us-east,207.57,466.55,SSD,On-Demand,Basic,133.86,97.81,1
79.92,31.24,576.01,148.96,small,us-east,418.49,498.51,HDD,On-Demand,Premium,177.65,114.21,1
24.11,27.53,161.32,645.79,medium,us-east,409.19,362.88,HDD,Spot,Standard,91.99,48.9,1
21.36,23.63,1085.78,478.0,medium,eu-west,309.8,150.74,SSD,Spot,Basic,121.39,47.09,1
21.51,59.63,1876.38,126.47,large,us-east,192.99,441.08,HDD,Spot,Basic,37.7,46.93,1
32.38,53.5,126.72,328.23,medium,eu-west,135.11,34.12,SSD,On-Demand,Basic,160.99,93.4,1
52.23,61.83,288.11,450.71,small,ap-southeast,61.88,123.23,HDD,Spot,Standard,193.47,75.85,1
43.88,9.71,931.79,78.42,large,eu-west,183.9,449.72,SSD,Spot,Basic,53.72,33.37,0
31.21,47.31,1871.06,637.69,large,ap-southeast,212.45,135.53,HDD,On-Demand,Premium,98.97,193.3,0
60.07,60.18,666.5,582.52,small,ap-southeast,341.15,118.12,SSD,Reserved,Premium,17.22,175.03,0
17.55,13.24,1039.11,373.64,large,eu-west,332.5,77.68,SSD,Reserved,Standard,111.83,57.98,1
31.29,6.12,131.07,696.99,medium,us-west,44.35,430.96,HDD,Spot,Premium,100.56,55.72,1
37.97,47.95,339.27,312.43,medium,ap-south,203.68,255.03,HDD,Reserved,Basic,28.89,72.96,0
46.05,37.62,1973.93,708.88,small,us-east,99.07,340.7,SSD,Reserved,Standard,88.41,152.86,0
75.67,54.19,1931.98,487.54,medium,ap-south,86.84,127.14,HDD,Reserved,Basic,66.82,128.96,0
22.97,10.67,59.63,464.27,small,us-east,415.38,381.44,SSD,Reserved,Standard,104.37,50.6,1
51.28,51.31,1906.03,136.17,small,us-east,30.54,382.4,HDD,Spot,Standard,117.13,71.06,1
58.32,14.5,1296.28,637.35,medium,ap-southeast,215.4,163.17,SSD,Reserved,Basic,1.7,109.75,0
9.18,12.15,1742.44,319.24,small,us-east,92.42,211.23,HDD,Reserved,Premium,152.2,68.92,1
59.68,12.18,936.74,133.56,medium,us-east,440.87,112.75,SSD,On-Demand,Premium,142.6,98.55,1
20.35,52.5,1055.41,28.83,large,eu-west,282.95,488.51,HDD,Spot,Standard,73.26,36.56,1
10.85,43.24,1003.25,411.83,large,ap-south,123.38,326.35,SSD,On-Demand,Basic,10.59,80.2,1
90.4,34.43,1350.39,389.18,small,eu-west,256.19,467.93,SSD,On-Demand,Basic,150.99,137.28,1
91.91,24.25,322.32,523.55,medium,us-east,368.43,158.66,HDD,Spot,Standard,191.04,74.49,1
77.76,56.39,108.45,643.18,medium,ap-southeast,479.48,393.13,HDD,Reserved,Premium,48.03,159.88,0
32.42,26.33,650.46,75.58,large,eu-west,118.02,385.27,SSD,On-Demand,Basic,64.7,57.26,0
13.79,52.63,1424.13,532.05,large,eu-west,444.23,348.91,SSD,Spot,Premium,36.76,86.25,1
66.58,29.23,443.61,151.19,medium,us-west,467.81,483.16,SSD,Reserved,Premium,115.39,94.28,1
44.61,25.37,1363.19,620.72,small,us-east,459.05,202.84,SSD,Spot,Standard,30.97,87.08,0
15.98,30.69,1941.33,593.34,large,ap-southeast,321.35,74.05,HDD,On-Demand,Standard,71.24,104.56,1
49.57,20.69,233.11,398.56,small,eu-west,318.61,339.14,SSD,Reserved,Premium,139.4,100.34,1
8.09,48.35,1361.57,517.17,small,eu-west,207.57,367.36,SSD,Reserved,Basic,112.02,81.91,1
86.84,33.17,915.31,240.05,large,ap-southeast,378.67,291.78,SSD,Spot,Basic,77.29,66.69,0
28.29,16.4,1742.88,349.82,small,us-east,270.33,111.34,HDD,Reserved,Standard,84.05,82.54,0
64.63,57.77,395.44,595.15,small,us-west,341.94,257.18,SSD,On-Demand,Premium,112.42,200.69,1
33.05,25.8,1400.62,341.49,medium,eu-west,219.94,162.97,HDD,On-Demand,Basic,1.17,89.39,0
51.81,35.7,1684.32,270.46,small,us-west,368.43,219.46,HDD,On-Demand,Basic,15.7,103.68,0
54.2,58.2,1892.0,365.95,medium,ap-south,413.99,326.16,HDD,Spot,Standard,176.25,88.86,1
21.64,40.7,1382.33,599.77,large,us-east,81.75,375.16,HDD,Reserved,Premium,15.58,111.35,1
92.26,9.25,1019.49,254.65,large,ap-south,418.14,123.79,HDD,Reserved,Basic,141.36,76.03,1
74.76,60.27,1254.8,141.63,medium,ap-south,274.75,208.61,HDD,Reserved,Standard,184.01,106.13,1
89.55,40.92,1744.36,518.41,large,ap-south,423.89,141.89,HDD,On-Demand,Basic,54.14,147.82,0
85.53,22.76,1162.69,598.18,small,us-east,221.34,107.33,SSD,Reserved,Basic,74.1,121.21,0
58.81,10.63,109.25,90.45,small,us-east,195.73,393.86,SSD,On-Demand,Basic,113.78,48.65,1
87.97,51.23,1865.35,187.91,small,ap-southeast,458.38,455.53,HDD,Reserved,Standard,176.34,119.91,1
12.96,40.44,1394.58,119.38,large,us-west,133.07,191.41,SSD,On-Demand,Premium,188.38,86.53,1
22.64,35.07,1369.2,263.56,small,us-west,423.66,378.13,SSD,Reserved,Standard,147.91,69.65,1
9.07,57.42,470.57,335.25,large,ap-southeast,247.17,449.53,HDD,Spot,Premium,17.32,56.04,1
34.28,50.89,1334.83,544.18,small,ap-southeast,261.91,424.6,SSD,Spot,Basic,133.83,82.55,1
39.98,11.4,818.04,475.8,medium,ap-south,161.15,99.58,HDD,On-Demand,Premium,82.06,116.31,0
29.42,21.33,1319.9,454.65,large,ap-southeast,290.79,478.58,SSD,On-Demand,Basic,94.14,102.6,0
79.59,17.41,257.86,266.66,large,eu-west,169.35,194.57,HDD,Reserved,Basic,9.83,65.44,0
37.11,48.12,1332.8,609.01,small,us-west,29.24,176.23,HDD,Reserved,Standard,38.21,122.92,0
30.28,4.08,1998.86,349.9,large,ap-southeast,143.28,40.59,SSD,Spot,Basic,158.1,44.37,1
53.84,37.33,144.01,705.37,large,eu-west,13.13,248.23,SSD,Reserved,Standard,90.79,121.74,0
17.68,49.27,1955.49,463.9,medium,eu-west,489.39,63.42,HDD,On-Demand,Premium,60.33,133.76,1
77.2,56.36,843.47,108.39,medium,eu-west,483.22,131.78,HDD,On-Demand,Premium,76.8,139.25,0
11.71,23.21,1747.97,493.32,small,eu-west,203.63,165.3,HDD,On-Demand,Basic,170.88,78.27,1
93.82,52.92,1575.65,247.57,medium,ap-south,366.9,406.32,SSD,On-Demand,Standard,149.8,160.07,1
74.5,8.86,1155.68,500.43,small,eu-west,179.44,438.99,SSD,On-Demand,Basic,54.46,116.32,0
22.88,54.48,1489.98,68.75,small,ap-south,338.84,158.21,SSD,Spot,Standard,23.5,48.42,1
5.5,9.9,1763.11,142.42,small,ap-south,404.66,430.76,SSD,Spot,Standard,50.4,31.77,1
78.39,26.63,838.07,619.02,large,eu-west,473.91,430.04,HDD,On-Demand,Standard,184.15,139.16,1
68.62,51.43,687.71,179.03,medium,us-west,206.1,384.68,HDD,Reserved,Premium,116.32,113.81,1
70.61,11.29,1351.81,605.93,small,eu-west,393.82,81.88,HDD,On-Demand,Standard,106.7,131.97,1
74.41,16.21,1625.3,215.49,medium,eu-west,140.3,348.26,HDD,Spot,Premium,119.28,78.17,1
11.66,46.78,1536.46,470.02,small,eu-west,495.26,473.06,SSD,On-Demand,Standard,73.21,106.47,1
37.26,46.64,1605.74,505.91,medium,us-west,22.63,344.44,HDD,Spot,Premium,161.42,103.99,1
15.43,41.75,899.39,378.86,medium,us-east,305.73,172.49,HDD,Spot,Premium,104.66,58.19,1
82.68,45.02,1644.78,233.72,small,us-east,333.16,255.28,SSD,On-Demand,Premium,23.35,183.73,0
61.1,35.65,284.41,168.85,large,ap-south,347.14,326.41,SSD,On-Demand,Basic,25.81,80.83,0
34.78,17.61,1111.75,43.23,medium,ap-south,68.99,260.18,HDD,Reserved,Standard,107.37,49.33,1
10.72,23.43,61.23,232.76,large,us-west,469.88,68.78,SSD,Spot,Basic,187.31,23.1,1
32.99,13.26,682.94,477.21,large,ap-southeast,98.78,162.91,HDD,Reserved,Standard,61.67,75.21,0
34.27,58.32,764.6,676.81,small,us-east,315.15,403.17,SSD,On-Demand,Standard,173.91,161.44,1
70.66,38.17,822.54,629.84,small,ap-south,119.11,432.09,SSD,Spot,Basic,152.82,86.31,1
62.38,26.85,1406.16,556.25,small,us-east,160.54,77.28,HDD,Reserved,Premium,49.56,144.94,0
84.85,30.64,807.69,571.91,medium,us-west,277.76,476.67,SSD,Reserved,Standard,7.27,131.16,0
47.5,60.73,924.95,485.49,small,us-west,214.42,171.12,HDD,Reserved,Premium,20.37,148.09,0
15.76,11.51,513.21,202.2,small,ap-southeast,88.51,334.53,SSD,On-Demand,Basic,145.7,37.68,1
69.19,38.35,777.84,655.04,medium,ap-southeast,93.76,378.39,SSD,On-Demand,Premium,39.93,201.21,0
73.47,33.37,493.18,489.51,medium,us-west,214.89,407.85,SSD,On-Demand,Standard,74.25,134.47,0
55.51,39.91,192.73,412.31,small,ap-south,381.07,473.42,SSD,Spot,Standard,100.34,69.15,1
74.39,3.12,1226.72,97.69,small,us-east,450.0,163.33,SSD,On-Demand,Standard,145.09,65.12,1
49.44,56.07,1353.01,332.94,small,eu-west,51.22,430.67,HDD,Spot,Basic,22.65,70.16,0
52.05,59.79,1258.01,342.25,small,ap-southeast,202.62,74.53,SSD,Reserved,Standard,81.27,124.58,0
43.48,37.04,953.81,625.19,large,eu-west,59.12,355.47,HDD,Reserved,Basic,97.01,101.72,0
7.29,45.19,790.58,402.65,large,ap-south,18.13,373.57,SSD,On-Demand,Premium,108.17,105.46,1
14.71,59.19,1733.5,286.28,small,ap-southeast,334.24,342.08,HDD,Reserved,Standard,163.67,80.24,1
7.83,45.85,1062.21,703.76,large,eu-west,305.2,133.63,SSD,On-Demand,Standard,34.34,116.35,1
62.28,11.46,984.4,97.5,medium,ap-south,89.88,437.79,HDD,Spot,Standard,161.57,41.85,1
33.29,37.73,100.0,315.78,large,us-east,124.57,92.74,HDD,Reserved,Premium,138.58,85.43,1
50.77,39.62,715.43,49.42,large,ap-south,21.62,36.28,SSD,On-Demand,Standard,111.17,83.96,1
86.68,28.3,791.38,537.93,small,ap-southeast,419.12,361.56,SSD,Reserved,Basic,139.91,114.11,1
27.44,47.66,827.7,662.65,large,us-west,487.6,242.98,SSD,Reserved,Premium,82.4,157.39,0
41.93,59.93,1181.34,216.03,large,us-east,76.38,426.06,HDD,On-Demand,Premium,27.68,142.67,0
73.0,59.39,1090.52,620.84,large,eu-west,123.42,197.86,HDD,Reserved,Premium,133.15,178.4,1
25.59,29.95,1235.41,224.55,large,ap-southeast,435.52,92.46,SSD,Reserved,Premium,104.93,98.08,1
11.93,9.02,1541.52,657.54,medium,us-west,463.97,419.86,SSD,Reserved,Premium,127.87,102.63,1
31.08,63.06,1635.32,547.77,small,ap-south,215.62,278.97,HDD,Reserved,Basic,67.6,117.41,0
19.51,54.01,1450.34,583.43,small,us-west,34.81,102.71,HDD,Spot,Premium,181.37,84.19,1
88.67,9.73,1913.27,32.6,medium,ap-southeast,29.3,362.99,SSD,Reserved,Standard,117.47,87.56,1
77.73,59.09,85.55,693.97,large,ap-southeast,291.24,260.45,HDD,Reserved,Premium,17.08,167.07,0
62.01,55.93,431.77,528.67,medium,us-west,202.52,306.11,SSD,On-Demand,Premium,89.96,188.72,0
83.43,34.17,64.75,233.33,large,ap-south,24.04,235.84,SSD,Spot,Premium,151.27,77.29,1
77.33,38.66,1312.58,600.58,medium,us-west,295.79,416.07,SSD,On-Demand,Premium,158.83,214.37,1
21.79,26.74,1801.16,217.06,small,ap-southeast,15.54,416.49,HDD,On-Demand,Premium,98.92,90.02,1
85.33,5.4,524.79,630.93,small,ap-southeast,395.81,357.6,HDD,On-Demand,Basic,178.95,86.81,1
53.54,22.78,1857.72,98.81,small,eu-west,160.15,61.65,HDD,Spot,Basic,53.53,49.7,0
77.67,51.78,167.52,512.58,large,eu-west,29.73,421.04,HDD,On-Demand,Premium,82.12,168.58,0
85.65,2.29,1872.15,398.49,large,us-east,298.29,338.8,SSD,On-Demand,Basic,179.72,96.58,1
33.62,22.68,735.66,87.57,medium,ap-southeast,204.87,351.54,HDD,On-Demand,Standard,179.25,58.42,1
14.9,26.69,247.77,189.33,medium,eu-west,487.16,187.86,SSD,Reserved,Premium,137.14,49.27,1
25.51,35.32,997.45,28.68,small,us-west,276.66,440.85,SSD,On-Demand,Standard,171.8,70.21,1
43.44,59.03,550.71,348.14,large,ap-south,144.87,365.43,SSD,Spot,Standard,17.75,75.75,0
78.62,23.47,605.5,230.89,medium,us-west,357.63,65.17,HDD,Spot,Premium,173.0,69.96,1
82.47,23.51,649.22,438.85,large,ap-south,143.03,209.81,SSD,Reserved,Standard,64.12,109.31,0
5.63,47.73,1615.9,228.07,large,eu-west,453.08,444.33,SSD,Spot,Standard,35.67,50.75,1
50.97,30.04,1101.36,229.94,small,us-east,193.61,33.13,HDD,Spot,Standard,47.87,56.72,0
42.57,15.93,657.05,540.24,small,us-west,279.44,481.09,SSD,Reserved,Premium,83.59,118.27,0
24.99,30.05,1240.15,53.7,large,us-west,34.78,342.79,HDD,On-Demand,Premium,50.24,66.71,1
15.79,10.73,1446.49,652.03,large,us-west,218.8,319.37,HDD,Reserved,Standard,64.11,75.22,1
35.39,12.94,581.62,616.58,large,ap-south,417.86,142.57,HDD,On-Demand,Premium,27.0,126.67,0
89.86,32.9,856.42,487.46,large,eu-west,404.77,131.91,SSD,On-Demand,Premium,59.24,188.55,0
34.09,27.97,287.68,435.26,small,us-west,119.92,471.61,HDD,Spot,Standard,114.46,53.22,1
51.69,58.72,403.24,644.61,medium,us-west,120.78,156.15,HDD,Reserved,Premium,88.37,154.43,0
68.27,24.47,1378.18,149.73,small,us-east,410.48,390.0,HDD,Spot,Basic,69.34,51.97,0
37.73,38.0,403.8,75.28,medium,us-east,465.9,202.63,HDD,Spot,Premium,149.29,48.65,1
92.46,41.2,1074.07,187.66,large,eu-west,56.73,78.23,SSD,On-Demand,Basic,178.7,118.24,1
91.62,2.81,1432.64,576.2,medium,eu-west,230.53,15.25,HDD,Spot,Standard,151.36,64.48,1
27.66,43.14,258.41,44.27,small,ap-southeast,175.35,276.69,SSD,Reserved,Premium,66.4,67.71,0
49.75,13.04,1156.26,427.96,small,us-east,436.64,488.13,HDD,Spot,Standard,148.89,60.74,1
32.08,61.59,550.3,716.81,large,ap-southeast,50.93,190.88,SSD,Spot,Standard,30.4,97.68,0
30.64,11.22,1927.71,618.99,small,ap-south,113.45,185.02,HDD,On-Demand,Standard,26.06,124.75,0
8.32,27.71,992.91,385.01,large,ap-southeast,378.71,178.6,SSD,Reserved,Standard,69.13,63.35,1
59.86,7.29,1621.69,64.55,small,us-west,35.13,265.07,HDD,Spot,Standard,161.54,35.83,1
50.24,63.81,1122.94,601.96,small,ap-southeast,251.34,225.93,SSD,On-Demand,Premium,49.27,218.38,0
9.63,33.14,134.65,439.28,large,eu-west,226.63,441.16,SSD,Spot,Basic,12.65,37.04,1
30.08,38.91,1284.65,100.45,medium,ap-south,173.86,257.71,SSD,Reserved,Premium,26.34,95.73,0
86.74,6.16,1905.24,85.7,small,us-west,203.34,258.8,HDD,Spot,Premium,171.75,56.98,1
26.56,48.5,1223.14,656.74,medium,ap-southeast,269.67,77.8,SSD,Spot,Premium,126.76,117.33,1
18.04,15.01,1647.42,488.44,small,ap-south,89.07,491.54,SSD,On-Demand,Premium,50.64,113.1,1
49.05,57.68,1774.2,600.5,small,ap-south,290.28,132.49,SSD,Spot,Basic,111.06,98.72,1
93.71,14.72,494.76,635.29,small,us-west,404.66,45.95,SSD,On-Demand,Premium,105.52,181.58,1
26.78,13.82,463.49,420.24,small,ap-southeast,382.48,334.94,HDD,Reserved,Standard,131.09,64.38,1
65.49,4.27,1241.41,382.21,medium,ap-south,85.41,301.73,SSD,Spot,Premium,46.64,65.48,0
73.55,31.27,851.51,321.3,medium,ap-south,83.13,213.42,SSD,Reserved,Premium,172.88,129.67,1
26.39,37.02,1687.73,241.86,small,us-east,141.41,216.87,SSD,Reserved,Basic,61.87,84.78,0
70.54,6.07,1805.05,324.22,small,ap-south,186.93,394.68,HDD,Spot,Basic,138.83,46.94,1
38.1,50.08,739.17,561.72,medium,us-east,210.14,105.9,SSD,On-Demand,Standard,3.22,143.08,0
61.91,30.1,511.9,441.35,large,ap-southeast,343.05,411.92,SSD,Reserved,Premium,74.53,127.87,0
62.02,34.51,1572.02,644.77,large,ap-southeast,37.77,327.89,SSD,Reserved,Premium,70.34,180.61,0
53.22,29.33,585.87,330.37,medium,ap-southeast,26.99,215.3,SSD,Spot,Premium,108.7,78.23,1
13.13,26.85,1654.1,444.96,small,eu-west,202.04,234.43,HDD,Spot,Standard,14.55,50.7,1
80.18,36.7,876.29,461.92,small,ap-southeast,351.61,135.76,SSD,Spot,Basic,158.03,79.1,1
33.87,11.62,1351.72,434.19,large,ap-south,104.78,378.54,SSD,Spot,Standard,43.56,63.81,0
21.79,13.28,236.29,511.84,large,us-west,324.34,261.31,HDD,Spot,Premium,135.41,46.46,1
8.67,55.43,1266.53,186.2,medium,us-east,137.32,167.22,HDD,Spot,Basic,160.64,40.02,1
58.18,60.66,930.95,378.65,large,eu-west,444.18,302.06,HDD,On-Demand,Basic,112.38,120.69,1
65.98,25.15,1193.89,92.96,medium,ap-southeast,448.89,497.91,SSD,Reserved,Standard,148.18,80.68,1
6.49,18.79,377.63,289.16,large,ap-southeast,155.67,223.28,HDD,On-Demand,Basic,132.37,39.42,1
51.09,41.93,1486.9,361.37,large,us-west,122.7,461.14,SSD,On-Demand,Basic,71.11,123.71,0
25.38,27.34,1732.45,476.56,large,us-west,211.54,179.06,HDD,Spot,Premium,161.77,87.65,1
63.07,3.57,472.64,685.37,small,eu-west,127.86,36.82,SSD,Reserved,Premium,58.94,105.08,0
20.69,11.68,236.64,440.46,small,us-east,339.47,110.08,HDD,On-Demand,Basic,114.24,49.3,1
67.18,46.39,96.1,540.52,small,ap-southeast,414.77,215.16,SSD,Spot,Basic,149.08,75.25,1
39.81,42.85,1301.84,374.39,large,eu-west,339.82,117.62,HDD,Spot,Standard,75.79,70.6,0
89.31,3.68,1233.83,463.87,medium,ap-south,413.93,10.11,SSD,Reserved,Standard,60.55,88.76,0
17.38,15.76,1116.06,69.65,medium,ap-south,204.53,458.35,SSD,On-Demand,Basic,91.87,40.06,1
35.7,16.33,502.3,198.07,medium,eu-west,86.6,423.5,SSD,On-Demand,Premium,163.59,83.55,1
15.21,43.66,812.27,273.3,medium,ap-southeast,371.6,373.72,SSD,On-Demand,Basic,185.98,68.2,1
88.22,3.22,1209.23,350.75,small,eu-west,186.63,92.23,SSD,Spot,Basic,109.02,50.35,1
83.96,8.45,1018.7,51.95,small,ap-southeast,338.92,68.98,SSD,Reserved,Premium,132.29,86.85,1
28.21,51.59,1976.18,118.02,large,us-west,142.62,43.13,SSD,Reserved,Premium,180.65,124.71,1
64.4,13.07,316.06,213.77,large,eu-west,49.8,364.77,SSD,On-Demand,Standard,19.71,77.39,0
78.55,42.47,1405.53,700.07,medium,ap-southeast,496.37,465.12,HDD,Spot,Standard,46.42,102.82,0
54.97,16.77,838.42,251.94,small,eu-west,86.54,220.96,SSD,On-Demand,Standard,141.78,91.15,1
52.67,8.17,884.99,357.43,medium,eu-west,494.33,68.38,SSD,Reserved,Standard,164.75,80.7,1
26.77,17.08,1449.32,157.27,large,ap-southeast,488.87,261.07,HDD,Spot,Premium,171.41,53.82,1
13.38,46.78,1400.25,447.55,large,ap-southeast,398.97,180.93,SSD,On-Demand,Basic,83.02,92.56,1
85.75,55.05,1982.95,216.48,medium,us-east,333.12,193.66,HDD,On-Demand,Standard,17.87,148.22,0
86.04,53.47,300.37,164.89,large,eu-west,293.13,314.45,SSD,Spot,Standard,87.56,71.47,0
61.98,26.63,253.01,381.6,medium,ap-south,434.39,362.17,HDD,Reserved,Premium,46.15,101.48,0
35.51,43.42,1462.46,23.85,small,eu-west,151.83,64.2,HDD,Spot,Premium,58.24,63.09,0
36.43,14.71,1177.85,25.36,medium,eu-west,239.16,27.44,SSD,On-Demand,Basic,154.45,55.52,1
70.34,20.18,584.61,173.35,small,ap-southeast,313.5,497.22,HDD,On-Demand,Basic,15.11,72.31,0
85.74,57.57,204.87,45.7,small,eu-west,211.48,124.04,SSD,On-Demand,Premium,165.52,134.19,1
84.84,2.81,217.03,95.62,large,eu-west,219.47,36.38,SSD,On-Demand,Standard,85.53,51.54,0
75.19,7.3,1793.67,257.2,large,ap-south,171.84,103.04,SSD,Reserved,Standard,119.21,78.56,1
62.78,14.89,424.14,581.81,large,ap-southeast,286.47,29.09,SSD,Reserved,Standard,17.93,102.82,0
12.57,3.64,680.57,420.43,medium,eu-west,426.78,201.99,HDD,On-Demand,Basic,67.47,46.69,1
19.55,13.25,491.98,378.87,medium,us-west,108.75,403.18,SSD,Reserved,Standard,17.94,50.94,1
85.87,38.15,742.24,225.44,large,us-east,467.87,177.21,HDD,Reserved,Standard,192.31,94.22,1
59.58,28.13,185.38,672.23,medium,ap-south,347.65,227.65,HDD,Reserved,Premium,161.45,130.93,1
5.83,57.35,1062.17,297.91,large,eu-west,413.4,341.04,SSD,On-Demand,Standard,91.93,87.85,1
14.13,52.68,181.84,80.96,medium,us-west,282.53,259.36,SSD,Spot,Premium,44.72,40.22,1
64.72,23.19,1610.7,451.95,small,eu-west,391.96,432.11,SSD,Spot,Standard,186.69,84.69,1
5.46,18.08,505.74,99.69,small,eu-west,17.94,434.36,SSD,Spot,Basic,68.92,17.71,1
19.47,25.54,1103.02,261.66,large,ap-southeast,411.01,14.86,HDD,On-Demand,Standard,32.2,62.71,1
54.39,38.6,1766.15,375.19,medium,ap-southeast,29.67,391.24,SSD,Reserved,Standard,112.63,122.41,1
67.27,18.62,1319.21,631.96,medium,ap-southeast,446.06,235.76,HDD,Reserved,Premium,188.75,146.74,1
63.68,40.7,1089.27,365.48,small,us-west,496.06,494.53,SSD,On-Demand,Premium,0.77,168.76,0
25.18,27.38,682.45,511.58,small,eu-west,154.09,246.78,SSD,On-Demand,Premium,47.62,136.54,0
69.1,36.23,699.35,714.97,large,us-east,113.06,493.58,SSD,Spot,Standard,187.69,98.35,1
26.35,29.04,1355.5,112.04,small,ap-south,385.03,379.74,SSD,Spot,Standard,34.22,49.32,0
34.29,20.26,1988.57,212.31,large,ap-southeast,133.98,131.82,HDD,On-Demand,Basic,22.65,84.92,0
72.18,60.8,1340.59,296.2,small,ap-southeast,434.13,273.81,HDD,Spot,Standard,114.04,84.7,1
63.47,49.34,1137.68,315.28,small,eu-west,60.39,496.15,SSD,Reserved,Basic,172.37,105.6,1
81.43,10.69,1474.77,307.71,medium,eu-west,71.72,430.19,HDD,On-Demand,Premium,95.42,136.92,0
64.19,55.85,957.15,655.33,small,us-west,489.78,57.71,HDD,On-Demand,Premium,198.91,201.81,1
56.15,32.22,167.28,519.82,small,us-west,340.18,356.12,SSD,Reserved,Premium,135.83,127.6,1
13.43,57.46,1146.48,445.53,large,ap-southeast,424.97,179.33,SSD,Reserved,Basic,14.81,80.9,1
38.09,51.59,1917.37,236.56,small,eu-west,168.92,13.42,HDD,Reserved,Standard,198.57,103.97,1
28.87,28.36,391.84,596.65,large,us-east,341.48,207.71,HDD,Spot,Premium,81.58,78.47,0
26.96,3.39,1395.51,688.54,small,ap-south,301.18,125.03,HDD,On-Demand,Standard,57.48,90.36,0
92.57,18.66,441.82,594.84,small,eu-west,305.54,411.25,HDD,Spot,Standard,111.58,77.72,1
40.38,35.58,1094.86,21.1,large,eu-west,344.44,175.29,SSD,Reserved,Premium,60.86,84.92,0
85.28,41.28,238.52,465.48,medium,us-west,291.93,415.49,SSD,Spot,Basic,17.29,75.43,0
61.8,17.99,928.22,55.79,large,ap-south,220.24,10.29,HDD,Reserved,Standard,0.29,59.02,0
76.53,10.64,1524.52,200.33,large,ap-southeast,145.2,160.83,SSD,Spot,Premium,89.92,80.27,0
50.24,53.77,727.76,61.67,large,eu-west,386.6,128.17,HDD,Spot,Standard,167.37,53.31,1
56.92,63.03,1346.58,442.66,medium,ap-southeast,120.87,124.45,HDD,Reserved,Standard,114.46,127.57,1
49.33,34.59,1601.13,500.61,small,eu-west,349.25,43.41,SSD,Spot,Standard,199.84,88.72,1
22.57,12.64,1858.0,100.14,large,ap-southeast,124.33,101.69,HDD,On-Demand,Standard,57.37,54.86,1
70.02,18.88,507.55,288.69,large,ap-south,316.41,282.22,HDD,Spot,Standard,56.09,53.48,0
30.27,3.14,828.67,339.37,medium,us-west,376.07,152.77,SSD,Spot,Basic,31.95,32.39,0
7.19,58.69,347.21,278.34,large,ap-south,117.17,214.52,SSD,On-Demand,Basic,32.81,67.58,1
63.09,9.3,1985.34,104.72,small,us-east,39.37,194.66,HDD,Reserved,Premium,57.04,94.74,0
20.94,37.74,1857.65,313.26,medium,us-west,74.18,439.19,HDD,On-Demand,Basic,158.57,78.58,1
89.64,18.99,1102.92,545.82,small,ap-south,306.94,453.6,SSD,Spot,Basic,181.15,81.17,1
90.85,36.36,1691.96,69.71,small,us-east,426.23,251.55,HDD,Reserved,Basic,195.02,88.22,1
87.34,42.39,1065.87,76.13,medium,eu-west,32.05,171.78,HDD,Spot,Standard,46.46,63.91,0
38.31,53.44,1265.99,268.34,large,eu-west,369.73,62.33,SSD,Spot,Standard,176.26,75.28,1
6.39,14.8,223.79,679.21,small,ap-southeast,177.25,477.17,SSD,On-Demand,Premium,65.65,96.17,1
88.55,2.68,1522.78,488.0,small,us-west,244.48,39.51,SSD,On-Demand,Premium,22.57,138.24,0
43.54,10.49,299.04,495.07,small,eu-west,465.14,155.85,SSD,Reserved,Premium,174.0,100.1,1
92.0,57.8,1660.83,273.34,small,us-west,172.67,156.05,SSD,Reserved,Standard,127.22,142.86,1
91.73,56.18,1574.95,435.56,medium,eu-west,238.02,167.0,SSD,Reserved,Basic,32.95,139.57,0
81.77,39.04,1432.05,27.09,medium,ap-southeast,16.7,90.5,HDD,Spot,Basic,85.97,55.87,0
31.5,39.23,120.51,465.27,small,ap-south,49.98,393.75,HDD,On-Demand,Standard,57.45,96.07,0
39.66,43.23,641.1,659.3,large,ap-southeast,136.71,70.02,SSD,On-Demand,Premium,147.36,183.1,1
81.6,12.87,563.07,448.8,small,us-east,23.65,321.1,SSD,On-Demand,Premium,90.68,147.45,0
33.52,58.69,752.27,631.59,large,eu-west,319.37,70.68,HDD,Reserved,Premium,197.86,150.79,1
20.25,27.96,220.9,526.78,small,us-east,218.94,44.56,HDD,On-Demand,Standard,10.95,71.67,1
55.11,25.75,1877.07,104.39,large,us-east,278.59,455.62,HDD,On-Demand,Premium,71.0,120.17,0
89.25,34.17,1129.91,651.72,small,us-west,95.58,103.16,SSD,On-Demand,Premium,96.38,219.63,0
67.64,4.91,645.77,66.51,large,eu-west,155.01,412.41,SSD,Reserved,Standard,100.63,42.87,1
56.31,12.31,824.11,393.78,small,us-east,335.27,276.87,HDD,On-Demand,Basic,63.19,84.48,0
13.75,47.76,922.04,119.5,small,ap-south,483.0,48.15,SSD,Reserved,Standard,145.85,56.45,1
60.35,7.13,1221.16,28.19,large,us-east,34.7,478.17,SSD,On-Demand,Standard,174.95,55.55,1
94.1,39.4,1055.57,315.42,medium,ap-south,446.29,131.01,SSD,On-Demand,Standard,187.74,144.35,1
17.61,17.21,1842.81,226.53,large,us-west,292.67,431.23,HDD,On-Demand,Standard,161.02,65.67,1
51.65,26.14,1019.08,360.2,medium,us-east,286.32,92.72,HDD,Reserved,Basic,170.12,78.9,1
83.96,19.9,1984.71,424.04,small,ap-southeast,255.14,428.43,SSD,Reserved,Premium,110.11,163.62,1
71.67,24.05,1710.28,50.62,large,us-west,44.0,16.48,SSD,On-Demand,Standard,165.18,103.78,1
67.73,46.58,456.6,106.1,large,ap-south,54.04,260.77,SSD,Spot,Basic,60.7,53.98,0
68.22,20.42,1864.66,411.05,large,us-west,304.45,387.03,SSD,Reserved,Premium,79.7,150.59,0
37.35,37.12,276.91,260.22,medium,us-east,177.07,468.05,SSD,Reserved,Premium,63.38,93.42,0
31.42,31.52,1644.03,530.42,medium,eu-west,459.46,455.51,HDD,On-Demand,Premium,93.48,158.56,0
77.84,43.15,792.22,476.6,small,eu-west,209.23,411.62,SSD,Spot,Standard,57.12,90.38,0
77.91,60.08,1762.05,611.92,medium,ap-south,80.21,445.21,SSD,On-Demand,Standard,192.32,201.8,1
83.04,47.42,1742.71,504.74,medium,ap-south,360.21,107.62,SSD,Reserved,Premium,62.57,192.59,0
87.19,15.33,1621.55,320.95,small,eu-west,153.74,149.25,HDD,Reserved,Premium,19.61,127.91,0
51.02,3.93,1590.56,491.08,large,ap-south,267.48,151.59,HDD,On-Demand,Premium,105.36,109.57,1
50.14,18.26,644.12,212.77,large,us-west,351.94,194.76,SSD,On-Demand,Premium,11.42,101.53,0
76.85,38.89,207.79,234.42,small,ap-southeast,451.13,202.73,HDD,Spot,Premium,22.11,72.85,0
63.5,5.19,835.81,572.29,large,ap-southeast,398.17,276.83,HDD,Spot,Premium,43.88,65.91,0
68.18,32.77,388.37,332.49,medium,us-west,341.42,88.34,HDD,Reserved,Basic,92.87,77.51,0
76.62,39.0,1405.15,578.87,small,ap-southeast,343.02,348.71,HDD,Spot,Premium,86.65,116.62,0
85.1,22.72,724.89,595.7,small,us-east,473.5,92.11,HDD,Spot,Standard,159.94,80.88,1
35.42,49.8,1952.44,620.29,small,us-west,154.95,162.05,HDD,Reserved,Standard,147.89,134.83,1
38.8,8.61,1299.9,661.64,large,ap-south,10.54,256.64,SSD,Reserved,Standard,85.26,110.75,0
13.46,6.66,1653.84,321.69,small,us-west,143.26,400.26,HDD,Reserved,Premium,66.74,65.71,1
57.05,47.15,308.42,243.21,small,eu-west,116.77,372.34,HDD,Reserved,Standard,63.29,82.22,0
8.23,32.72,1730.93,427.54,small,ap-south,334.3,326.31,SSD,On-Demand,Basic,154.8,85.27,1
46.9,44.68,1849.38,279.82,large,eu-west,320.52,86.33,SSD,Reserved,Premium,10.41,145.12,0
53.84,28.96,999.77,440.75,medium,ap-south,300.8,278.05,SSD,Reserved,Standard,2.56,106.74,0
30.79,17.28,1232.19,513.91,small,ap-southeast,17.96,52.85,SSD,Reserved,Basic,159.11,88.57,1
58.17,52.78,1541.38,501.88,medium,us-west,367.1,194.91,HDD,Spot,Basic,95.43,82.26,0
7.75,51.56,390.94,282.19,large,us-east,168.53,212.62,HDD,Reserved,Standard,26.18,55.19,1
8.36,45.07,1030.0,136.8,large,ap-south,335.88,29.51,HDD,On-Demand,Basic,47.11,53.65,1
79.03,18.87,827.39,321.37,large,ap-south,282.72,144.25,HDD,On-Demand,Standard,186.5,103.3,1
37.42,38.59,335.43,119.82,large,eu-west,177.94,478.27,SSD,Reserved,Basic,171.9,57.45,1
16.44,24.38,766.69,643.07,medium,ap-southeast,75.94,477.28,HDD,On-Demand,Premium,141.96,107.36,1
52.0,7.68,182.94,262.11,small,eu-west,56.27,182.64,HDD,Spot,Premium,96.45,37.21,0
74.3,58.87,100.33,128.12,large,eu-west,417.44,31.12,SSD,Reserved,Premium,104.06,115.78,1
24.42,10.48,313.57,37.81,large,ap-southeast,460.01,97.76,HDD,On-Demand,Premium,195.05,30.65,1
61.06,60.91,1928.07,472.08,medium,us-east,328.4,202.19,HDD,On-Demand,Premium,193.15,206.28,1
12.68,29.65,1121.58,465.83,medium,eu-west,60.68,474.41,HDD,Reserved,Standard,43.05,67.37,1
9.65,13.48,1933.35,258.42,large,eu-west,206.99,79.19,HDD,On-Demand,Premium,162.22,80.12,1
52.82,35.6,893.37,70.2,small,ap-south,367.18,384.12,SSD,Reserved,Premium,39.45,93.24,0
53.66,56.12,658.04,306.74,small,ap-southeast,392.11,63.25,SSD,On-Demand,Premium,42.71,158.9,0
62.37,47.4,1036.98,237.85,large,us-west,67.93,490.82,SSD,Spot,Premium,135.22,93.74,1
70.35,52.01,907.05,493.98,medium,us-east,10.02,196.99,SSD,On-Demand,Basic,81.0,142.88,0
92.83,42.84,256.05,444.05,large,us-east,358.95,389.86,SSD,On-Demand,Premium,186.31,179.04,1
51.47,44.92,1299.61,275.22,large,ap-southeast,184.73,177.87,HDD,Reserved,Premium,17.8,122.38,0
34.07,54.65,471.27,172.52,medium,ap-south,134.7,317.56,HDD,On-Demand,Standard,102.31,87.43,1
76.57,17.48,1258.2,711.63,large,ap-south,16.32,104.09,SSD,Reserved,Basic,183.7,125.04,1
29.37,32.34,1317.89,337.8,large,ap-southeast,274.75,81.55,SSD,Spot,Standard,180.82,66.46,1
44.51,15.71,346.45,501.79,large,ap-south,427.06,469.65,SSD,Reserved,Premium,31.31,107.44,0
12.06,63.24,169.63,118.39,medium,us-east,479.24,459.65,HDD,Reserved,Standard,73.33,48.86,1
7.28,60.53,1572.49,359.91,small,us-east,287.22,444.86,SSD,On-Demand,Standard,123.82,105.16,1
91.64,4.44,946.61,39.28,small,us-west,262.09,316.46,HDD,Spot,Premium,31.88,43.34,0
80.24,45.75,163.42,373.82,medium,ap-southeast,51.68,406.05,HDD,Reserved,Basic,193.6,89.79,1
67.64,59.37,1989.99,694.81,small,eu-west,278.95,43.83,HDD,On-Demand,Basic,182.95,171.54,1
41.81,13.2,162.67,288.94,large,eu-west,196.19,174.05,HDD,On-Demand,Standard,33.39,63.61,0
20.6,37.21,1405.32,47.3,small,us-west,307.5,163.71,SSD,Reserved,Premium,24.23,68.17,1
19.08,58.76,1968.17,41.67,large,us-west,200.48,321.47,HDD,On-Demand,Standard,17.08,80.06,1
27.52,4.1,516.4,291.59,small,ap-south,127.75,184.42,HDD,Reserved,Standard,181.89,38.44,1
54.43,45.24,327.39,132.02,medium,us-west,56.53,82.77,SSD,Reserved,Standard,38.72,77.75,0
69.31,20.44,286.7,36.35,small,us-west,164.31,302.27,HDD,Reserved,Premium,83.26,64.15,0
64.42,59.31,641.39,549.35,small,eu-west,57.36,409.05,HDD,Spot,Premium,89.77,110.57,0
30.19,62.21,247.04,340.97,small,ap-south,96.68,197.24,HDD,Reserved,Basic,119.8,79.48,1
90.94,60.54,1399.71,222.47,medium,us-west,493.79,74.81,SSD,On-Demand,Premium,14.35,198.2,0
71.41,31.4,171.47,650.06,small,us-west,227.61,106.38,HDD,Spot,Standard,45.35,77.56,0
54.89,55.45,1043.37,101.3,medium,ap-south,270.62,126.37,HDD,On-Demand,Standard,186.3,102.8,1
60.05,54.36,1993.56,689.14,large,ap-southeast,438.07,156.95,SSD,Spot,Basic,181.68,108.29,1
42.76,21.78,1637.24,239.78,small,ap-south,497.83,324.97,SSD,Spot,Premium,156.26,78.81,1
27.3,53.39,1249.68,641.88,medium,eu-west,295.53,304.46,HDD,Spot,Standard,3.88,87.33,0
37.04,4.29,647.19,442.06,medium,ap-southeast,408.11,351.08,HDD,Spot,Basic,65.4,34.17,0
73.21,38.97,1266.6,598.7,small,us-east,170.2,187.63,SSD,On-Demand,Basic,125.59,151.45,1
6.3,16.26,1077.73,708.81,large,ap-south,159.81,413.76,HDD,Reserved,Standard,55.04,73.84,1
15.45,9.48,880.86,221.88,medium,eu-west,207.32,110.0,SSD,On-Demand,Standard,181.92,48.5,1
9.14,6.77,304.89,692.79,small,ap-southeast,339.53,239.83,HDD,Reserved,Premium,126.78,72.56,1
8.67,45.17,1778.88,292.64,large,ap-south,344.27,402.46,SSD,On-Demand,Basic,14.38,83.41,1
81.99,23.07,927.08,289.86,medium,us-west,164.47,98.28,HDD,Spot,Standard,181.8,64.19,1
68.33,46.94,429.51,258.27,medium,ap-south,75.27,63.83,SSD,Spot,Basic,191.55,63.04,1
47.68,6.05,767.13,398.99,large,us-east,319.87,443.01,SSD,Reserved,Premium,15.54,78.47,0
13.81,21.55,857.55,127.9,large,ap-south,72.88,178.04,SSD,Reserved,Standard,106.47,40.46,1
49.25,35.45,1663.7,407.6,small,ap-southeast,293.46,345.1,SSD,On-Demand,Premium,60.67,174.65,0
47.61,51.02,1480.55,399.19,small,ap-southeast,349.78,22.42,SSD,Reserved,Basic,78.57,112.89,0
20.59,21.76,1550.14,553.33,medium,ap-south,353.3,348.12,HDD,On-Demand,Premium,35.93,114.04,1
44.05,40.81,71.51,603.55,large,ap-southeast,379.2,164.89,HDD,Reserved,Premium,115.61,123.74,1
40.87,56.93,861.5,328.31,large,us-west,437.7,37.31,SSD,Reserved,Basic,191.6,97.65,1
60.43,40.18,988.62,231.63,large,ap-south,254.98,308.81,HDD,Reserved,Premium,100.61,111.88,1
62.16,16.44,87.42,201.53,medium,us-west,367.82,127.99,HDD,Spot,Basic,16.58,35.71,0
9.08,3.51,556.64,156.24,large,us-west,313.39,199.54,HDD,Spot,Standard,124.0,16.37,1
38.72,55.95,1532.57,60.35,large,eu-west,101.45,49.48,HDD,On-Demand,Basic,68.04,90.73,0
61.33,3.32,317.36,259.71,medium,ap-south,22.59,82.11,HDD,Reserved,Basic,171.19,40.17,1
50.28,56.23,1093.85,209.17,small,ap-southeast,149.43,156.01,HDD,On-Demand,Standard,86.94,112.92,0
82.08,34.79,469.64,696.49,small,us-west,227.09,53.98,SSD,Reserved,Basic,38.57,124.47,0
64.28,60.22,73.64,410.4,medium,eu-west,312.38,456.3,HDD,Spot,Standard,38.22,73.7,0
19.66,51.52,520.34,263.09,large,ap-south,426.48,12.96,HDD,Spot,Standard,153.75,42.13,1
11.35,63.87,1952.95,426.33,medium,ap-south,106.16,247.09,HDD,Reserved,Basic,53.12,84.74,1
62.82,23.74,1613.0,117.44,small,us-east,71.52,70.39,SSD,Reserved,Premium,153.45,110.34,1
7.39,49.57,1921.17,330.83,small,us-east,482.11,160.76,HDD,Spot,Premium,41.18,68.91,1
57.72,26.92,1001.32,458.36,medium,us-west,62.94,463.77,HDD,Spot,Standard,64.34,69.76,0
89.62,31.75,263.99,362.23,medium,us-east,244.46,89.23,HDD,On-Demand,Premium,93.1,139.64,0
56.79,40.91,1118.52,301.25,small,us-west,296.93,483.26,SSD,Spot,Premium,188.64,93.74,1
39.94,56.17,936.04,715.69,medium,ap-southeast,275.27,110.84,HDD,Reserved,Basic,186.35,118.72,1
62.9,63.01,1696.5,636.22,small,us-west,52.16,373.37,SSD,On-Demand,Standard,41.37,197.35,0
46.24,49.63,241.26,456.38,medium,us-east,37.94,277.87,HDD,Reserved,Standard,71.64,96.29,0
54.11,27.9,1002.07,418.56,medium,ap-southeast,61.69,443.39,SSD,On-Demand,Basic,29.88,110.16,0
89.73,28.12,342.59,454.46,medium,us-east,296.94,281.46,SSD,Reserved,Premium,102.0,139.85,1
39.75,47.73,683.12,160.92,small,us-west,276.73,271.93,SSD,Spot,Standard,92.12,57.96,0
91.51,16.8,1487.85,296.6,medium,eu-west,124.53,105.77,HDD,Reserved,Premium,180.15,126.03,1
86.48,8.85,978.24,47.62,small,ap-south,322.51,91.45,SSD,On-Demand,Standard,186.0,82.11,1
22.62,23.99,782.98,352.88,small,us-east,411.83,459.08,SSD,Reserved,Standard,76.71,60.92,1
11.24,19.81,819.23,400.12,medium,us-west,30.37,170.64,SSD,On-Demand,Standard,98.35,68.52,1
14.07,20.37,945.92,179.42,medium,ap-southeast,254.08,192.32,SSD,Reserved,Standard,179.25,45.02,1
6.64,16.48,1580.78,694.82,small,us-east,347.76,382.31,HDD,Spot,Premium,161.34,70.56,1
13.5,4.61,1789.57,656.62,small,us-east,133.63,176.02,HDD,Spot,Premium,0.73,67.13,1
66.47,3.11,1912.9,525.5,large,ap-south,160.81,476.51,HDD,Reserved,Premium,64.01,107.55,0
11.41,63.24,1584.46,393.37,small,us-west,310.68,371.58,HDD,Reserved,Premium,84.35,108.22,1
33.71,28.52,665.04,628.98,large,eu-west,449.99,302.74,SSD,Reserved,Basic,45.94,97.5,0
81.04,25.83,1391.86,111.46,large,ap-southeast,406.86,441.64,HDD,On-Demand,Standard,39.91,100.17,0
7.09,44.14,903.33,573.36,large,us-west,295.73,34.31,SSD,Reserved,Standard,7.56,85.47,1
78.3,15.53,546.61,107.37,medium,ap-southeast,367.81,135.96,HDD,Reserved,Standard,128.67,62.26,1
30.37,60.9,1689.7,575.95,medium,us-east,188.76,237.87,HDD,On-Demand,Basic,52.5,139.76,0
15.63,50.75,124.93,213.04,small,ap-south,324.07,121.22,HDD,Spot,Premium,10.47,43.33,1
67.71,7.54,1808.44,633.96,large,ap-south,238.43,374.51,SSD,Reserved,Standard,46.2,104.31,0
61.6,27.89,949.88,680.83,medium,eu-west,103.07,460.41,HDD,Reserved,Premium,160.38,148.95,1
83.97,56.51,1292.54,124.16,medium,ap-south,353.85,217.65,HDD,Spot,Premium,170.3,94.09,1
71.16,60.57,1335.74,343.87,medium,us-east,282.67,177.64,HDD,Spot,Basic,96.61,78.37,0
77.31,30.98,1795.48,706.69,medium,eu-west,185.72,481.16,SSD,On-Demand,Basic,83.21,168.32,0
30.38,40.03,1291.51,358.39,medium,us-west,456.56,227.98,HDD,Reserved,Premium,195.57,115.69,1
20.97,12.36,1247.17,624.48,large,ap-south,20.26,249.63,HDD,Reserved,Standard,40.11,73.28,1
72.56,63.45,179.97,432.11,large,eu-west,164.73,182.31,SSD,On-Demand,Standard,43.07,147.24,0
77.62,16.36,1060.9,282.73,large,us-east,37.87,455.68,SSD,Spot,Basic,58.37,60.23,0
94.15,60.45,342.83,220.05,large,ap-southeast,385.6,288.79,HDD,On-Demand,Basic,34.55,111.87,0
42.14,42.28,1488.0,162.26,small,ap-southeast,354.03,383.47,HDD,Spot,Basic,75.87,54.48,0
38.48,39.68,1048.83,553.26,large,us-east,172.36,407.79,HDD,On-Demand,Basic,182.17,114.56,1
74.88,33.79,1376.44,290.58,medium,us-east,341.07,177.51,SSD,Spot,Basic,123.07,71.91,1
35.67,16.3,131.26,377.89,large,ap-southeast,204.01,222.51,SSD,On-Demand,Basic,82.39,70.58,0
88.77,12.94,215.34,364.63,small,eu-west,380.56,425.75,SSD,Spot,Basic,186.88,56.73,1
82.26,15.67,1446.83,424.1,medium,ap-southeast,232.55,188.0,HDD,Spot,Standard,9.69,75.01,0
43.61,13.56,190.56,625.9,large,us-east,212.02,399.03,SSD,Spot,Basic,42.06,58.84,0
72.58,50.33,188.95,706.52,large,ap-south,468.02,471.09,HDD,Spot,Basic,113.18,81.53,1
72.91,23.71,73.61,305.31,large,us-west,132.93,315.37,SSD,Spot,Standard,123.11,57.7,1
14.28,5.59,1915.18,599.26,medium,ap-south,69.02,373.4,SSD,Reserved,Standard,7.91,82.16,1
86.23,62.08,1488.14,555.17,medium,ap-south,296.43,404.5,SSD,Spot,Premium,80.61,146.9,0
50.47,56.79,738.84,421.47,small,us-east,484.97,424.07,HDD,Reserved,Basic,129.83,97.61,1
79.38,59.52,628.24,689.23,medium,ap-southeast,195.14,203.58,HDD,Spot,Basic,139.61,91.15,1
33.8,63.68,731.92,160.33,medium,eu-west,40.4,35.12,HDD,Reserved,Basic,127.63,75.36,1
85.6,12.78,1560.57,96.48,large,ap-south,176.26,206.92,HDD,Reserved,Basic,64.11,71.82,0
40.03,26.57,1339.67,617.77,medium,ap-southeast,257.91,340.14,SSD,On-Demand,Premium,18.7,178.53,0
5.98,49.01,411.13,327.4,large,eu-west,89.34,230.67,HDD,Spot,Standard,85.42,39.92,1
86.48,45.15,389.51,612.88,large,ap-south,332.47,376.99,SSD,On-Demand,Standard,25.75,163.28,0
13.22,11.54,241.87,645.16,medium,eu-west,498.9,184.92,HDD,On-Demand,Basic,189.52,61.34,1
33.74,52.58,1337.59,63.72,small,ap-southeast,231.35,321.02,HDD,Spot,Basic,95.03,49.71,0
90.51,15.92,1540.53,638.43,small,us-west,183.82,101.35,SSD,On-Demand,Basic,63.45,151.12,0
90.55,15.88,566.84,333.82,medium,ap-southeast,206.35,377.19,SSD,Spot,Premium,153.26,84.73,1
56.61,35.29,90.84,377.3,small,us-east,66.42,277.39,HDD,On-Demand,Premium,99.59,120.1,0
61.87,38.76,210.23,458.61,large,eu-west,442.8,109.99,HDD,Spot,Standard,62.01,67.21,0
45.36,37.97,1937.33,668.47,large,us-west,213.26,153.04,SSD,Spot,Basic,162.39,94.24,1
31.39,7.67,626.12,33.38,medium,eu-west,199.76,376.82,SSD,Spot,Basic,173.43,17.91,1
34.58,56.4,1549.99,353.79,small,eu-west,333.25,246.47,SSD,Reserved,Basic,134.6,108.38,1
65.53,18.47,1268.09,501.41,small,ap-south,226.6,115.86,SSD,On-Demand,Basic,9.39,121.81,0
72.71,10.03,794.78,525.89,large,us-east,327.63,483.96,SSD,Reserved,Premium,113.26,131.91,1
76.24,57.1,451.09,504.77,medium,eu-west,40.11,360.41,HDD,On-Demand,Standard,152.66,143.3,1
76.07,61.25,286.7,114.1,small,ap-southeast,408.72,479.0,HDD,On-Demand,Standard,27.3,104.18,0
13.21,55.45,1249.28,229.58,medium,ap-southeast,470.85,219.28,HDD,On-Demand,Premium,45.73,98.91,1
49.5,52.19,1560.54,271.1,small,ap-south,327.9,242.8,HDD,Reserved,Basic,176.5,95.49,1
10.18,42.63,1305.61,583.11,large,us-east,477.74,450.0,SSD,On-Demand,Standard,4.02,108.78,1
54.46,36.15,1084.09,215.13,large,us-east,84.2,267.27,SSD,Reserved,Standard,150.55,92.89,1
44.74,7.39,131.8,167.49,medium,ap-southeast,243.93,356.57,SSD,Spot,Premium,94.75,31.46,0
84.89,27.32,1938.55,690.21,large,us-west,304.89,133.56,HDD,On-Demand,Basic,89.35,154.88,0
36.58,25.11,1607.49,26.2,small,ap-south,295.05,228.9,SSD,On-Demand,Standard,1.42,80.46,0
15.54,18.1,621.0,718.47,large,ap-south,206.72,70.49,SSD,Spot,Basic,163.88,50.62,1
17.87,46.85,1960.94,493.77,medium,ap-southeast,175.66,110.93,HDD,Spot,Standard,71.96,64.81,1
73.54,32.74,1223.67,599.93,medium,ap-southeast,72.14,10.46,HDD,On-Demand,Premium,108.15,184.29,1
60.64,7.02,1185.72,226.23,medium,us-west,201.95,29.24,HDD,Spot,Basic,135.46,35.54,1
14.1,15.65,1508.74,30.02,small,us-west,89.7,488.87,SSD,Reserved,Premium,140.53,49.32,1
12.57,44.36,1632.95,536.51,small,us-east,369.84,128.75,SSD,Reserved,Standard,191.2,95.81,1
68.09,6.72,1330.13,603.9,small,ap-south,112.33,335.02,HDD,On-Demand,Premium,106.27,126.41,1
11.55,54.77,299.79,538.33,small,ap-south,38.7,421.16,HDD,Reserved,Premium,79.94,93.01,1
78.97,32.7,709.62,120.0,small,ap-southeast,280.66,279.82,SSD,Reserved,Premium,190.74,107.33,1
68.56,31.8,1859.76,547.4,large,us-east,301.66,85.04,HDD,On-Demand,Standard,128.42,151.66,1
12.32,38.73,488.0,558.25,small,ap-south,437.24,366.78,SSD,Spot,Basic,59.63,48.82,1
12.64,53.13,775.73,480.98,small,us-east,292.72,304.12,HDD,On-Demand,Premium,25.29,112.44,1
93.8,23.56,892.55,556.28,large,us-east,179.29,368.31,HDD,Reserved,Basic,168.51,106.51,1
38.68,44.04,906.84,612.15,small,ap-southeast,403.48,387.18,HDD,On-Demand,Standard,72.44,133.92,0
38.36,37.08,1245.23,449.52,medium,us-east,274.74,487.95,SSD,On-Demand,Basic,132.09,117.51,1
78.15,18.56,1889.0,82.02,small,us-west,48.85,291.05,SSD,Reserved,Premium,94.16,116.76,0
90.25,56.48,519.35,361.34,small,us-west,287.27,177.4,HDD,Reserved,Premium,39.79,145.38,0
93.74,51.44,286.93,74.35,medium,eu-west,454.93,327.75,SSD,On-Demand,Premium,120.34,139.14,1
72.8,42.82,435.07,305.28,medium,ap-southeast,204.19,43.54,HDD,Reserved,Premium,12.14,116.75,0
38.86,54.74,1779.5,304.97,medium,eu-west,155.2,449.72,HDD,Reserved,Premium,82.67,137.39,0
12.52,55.77,1309.33,66.21,medium,us-west,80.3,68.5,SSD,Reserved,Premium,109.32,78.24,1
74.94,45.92,607.52,264.17,small,eu-west,84.21,170.64,SSD,Reserved,Standard,87.21,105.44,0
55.26,53.89,1641.1,97.7,medium,ap-southeast,222.06,409.72,SSD,Reserved,Standard,149.73,105.97,1
43.18,45.24,1729.67,585.76,medium,ap-southeast,301.88,302.68,SSD,Reserved,Standard,165.58,141.14,1
86.57,44.17,1700.7,683.38,large,us-east,49.5,202.88,HDD,Spot,Basic,154.25,97.73,1
15.01,40.35,1841.91,70.62,medium,ap-south,470.39,241.98,SSD,On-Demand,Basic,7.76,66.28,1
49.34,48.67,541.87,688.58,medium,us-east,380.02,428.73,SSD,Reserved,Standard,38.83,133.99,0
6.02,11.83,1522.33,385.8,large,ap-southeast,297.45,176.6,HDD,On-Demand,Basic,107.32,58.68,1
47.18,56.61,948.05,229.7,large,us-west,415.93,436.13,HDD,Spot,Basic,186.96,59.84,1
10.07,56.05,1691.9,73.8,small,us-west,49.29,53.19,HDD,Reserved,Premium,166.99,77.43,1
15.69,3.81,1470.56,370.44,large,us-east,243.65,390.63,HDD,On-Demand,Premium,168.51,77.35,1
15.58,53.2,1564.07,576.16,small,ap-southeast,318.75,425.3,SSD,Reserved,Basic,60.64,93.74,1
63.43,9.99,1329.52,514.96,large,us-west,416.04,99.09,SSD,Reserved,Basic,85.89,99.12,0
72.14,22.78,395.99,55.16,large,ap-southeast,393.9,220.87,HDD,Reserved,Standard,94.14,57.57,0
57.5,48.1,1112.8,71.03,small,us-west,145.76,91.09,HDD,Reserved,Basic,31.47,73.89,0
91.6,11.97,1970.11,302.01,large,ap-southeast,471.03,356.24,SSD,Reserved,Premium,6.21,146.07,0
38.74,52.71,1877.91,226.7,small,eu-west,70.93,272.32,SSD,Reserved,Basic,189.38,102.47,1
30.71,53.59,134.19,182.67,large,ap-southeast,438.82,321.31,SSD,Reserved,Standard,48.14,74.03,0
83.17,33.46,371.39,216.7,medium,ap-southeast,485.76,106.28,SSD,Spot,Premium,47.99,80.4,0
25.12,2.4,306.87,582.44,large,us-east,96.81,113.76,SSD,Spot,Premium,16.68,52.05,0
91.69,19.8,1465.66,670.46,small,eu-west,363.81,30.33,HDD,Reserved,Premium,185.7,167.92,1
6.09,40.25,1644.68,303.57,large,ap-south,29.74,167.81,HDD,Reserved,Premium,115.95,83.72,1
92.29,62.83,466.35,654.28,small,us-east,208.66,284.27,HDD,Spot,Basic,133.41,92.43,1
8.88,41.17,1036.41,245.05,small,ap-south,262.98,430.39,HDD,Spot,Standard,182.32,39.65,1
85.2,18.11,1689.37,353.51,medium,us-west,294.52,336.79,SSD,Spot,Basic,69.12,74.98,0
52.49,41.31,1478.96,178.22,medium,ap-south,468.61,223.34,HDD,Reserved,Basic,124.3,81.62,1
94.37,35.48,1107.36,468.33,small,ap-southeast,339.4,477.03,SSD,On-Demand,Premium,7.76,198.76,0
11.64,50.35,1201.18,705.29,large,ap-south,245.83,362.43,SSD,On-Demand,Standard,37.35,123.77,1
54.85,8.63,1041.3,442.45,small,us-east,406.74,465.78,SSD,On-Demand,Premium,166.25,136.68,1
92.24,49.18,630.22,270.47,small,us-east,475.76,268.52,SSD,On-Demand,Basic,153.35,123.86,1
52.08,35.56,1151.79,473.47,large,ap-south,20.81,136.86,SSD,Reserved,Basic,70.13,105.08,0
61.65,61.71,1393.33,106.04,large,us-east,491.44,35.89,SSD,On-Demand,Premium,75.36,163.16,0
67.62,23.2,1752.98,642.06,large,us-east,52.2,365.78,SSD,Spot,Basic,106.71,90.07,1
45.91,41.22,1290.77,372.16,large,ap-south,409.05,69.44,HDD,Spot,Basic,0.05,64.24,0
61.48,59.79,1534.19,334.54,small,eu-west,147.36,158.36,SSD,On-Demand,Premium,48.25,196.23,0
57.59,8.36,362.14,430.11,small,eu-west,74.77,270.91,HDD,Spot,Basic,41.65,46.3,0
86.1,60.11,950.04,457.35,medium,us-west,225.53,286.56,HDD,Reserved,Standard,50.1,132.49,0
9.09,44.65,68.2,70.24,small,us-east,325.54,304.29,SSD,On-Demand,Premium,161.18,53.52,1
30.29,6.21,531.02,497.83,large,ap-south,196.67,91.47,SSD,On-Demand,Standard,55.93,70.85,0
90.54,20.66,1466.6,189.35,medium,us-east,36.74,196.07,HDD,Reserved,Basic,38.3,84.2,0
85.12,45.91,1984.03,519.77,large,ap-southeast,303.74,312.43,HDD,Spot,Basic,100.85,92.31,1
46.01,6.18,243.4,595.77,small,us-east,452.18,485.21,HDD,Reserved,Premium,173.13,78.53,1
60.81,38.09,832.91,582.77,medium,us-east,197.78,366.54,HDD,Reserved,Basic,48.27,103.9,0
29.96,23.44,1610.14,406.75,large,eu-west,116.0,462.08,SSD,Spot,Premium,15.71,87.95,0
21.93,40.5,447.87,384.12,medium,ap-south,226.86,383.48,SSD,Reserved,Premium,71.28,84.84,1
46.73,4.84,1132.42,120.01,medium,us-east,33.7,299.94,SSD,Spot,Premium,149.53,40.85,1
36.8,56.04,1479.49,562.74,small,eu-west,412.04,104.09,HDD,Spot,Premium,110.14,111.82,1
57.53,62.36,1251.17,209.99,large,us-west,414.91,336.68,SSD,Reserved,Premium,163.36,145.71,1
12.0,62.07,416.65,367.69,medium,eu-west,298.12,315.46,HDD,Spot,Standard,191.92,48.36,1
92.7,48.48,743.0,218.99,medium,eu-west,183.02,305.21,SSD,Reserved,Premium,158.53,142.46,1
93.76,10.07,1578.39,113.68,large,eu-west,401.89,250.0,HDD,Spot,Standard,120.76,58.72,1
67.83,49.01,1130.74,460.69,medium,us-east,281.8,269.04,SSD,On-Demand,Basic,98.67,140.39,0
53.25,3.52,60.2,58.03,medium,us-east,414.71,173.88,SSD,Spot,Premium,8.01,24.06,0
32.86,3.37,1533.93,544.05,medium,us-west,319.41,264.46,HDD,Spot,Basic,196.86,45.02,1
78.24,22.06,118.86,242.31,large,ap-southeast,394.36,106.8,HDD,Reserved,Premium,76.7,88.59,0
66.63,32.3,1504.18,20.09,large,ap-southeast,303.3,404.54,HDD,Spot,Standard,30.45,54.75,0
19.64,49.77,444.84,377.79,large,ap-southeast,212.93,101.03,HDD,On-Demand,Standard,133.34,77.05,1
86.98,44.36,1918.24,52.8,large,us-west,479.39,51.63,HDD,On-Demand,Standard,56.86,122.62,0
79.03,29.65,767.48,213.32,small,ap-southeast,275.15,223.76,SSD,Spot,Basic,117.16,59.35,1
90.48,18.96,687.52,514.88,medium,ap-southeast,306.49,332.57,HDD,Spot,Premium,117.35,94.23,1
70.31,63.82,340.33,63.88,large,eu-west,118.04,224.48,SSD,On-Demand,Basic,89.15,98.41,0
60.21,28.42,645.93,607.54,medium,us-east,316.57,145.61,SSD,Reserved,Standard,167.22,118.29,1
42.64,29.99,1759.47,22.67,medium,us-east,290.09,283.5,SSD,On-Demand,Basic,52.99,81.94,0
88.95,12.14,1992.85,192.78,small,eu-west,100.57,180.03,SSD,On-Demand,Standard,89.73,124.65,0
82.95,51.28,768.2,538.63,large,eu-west,39.2,467.11,SSD,Spot,Standard,107.54,100.14,1
9.07,45.01,924.79,241.39,large,eu-west,306.14,462.1,HDD,Spot,Standard,132.72,39.93,1
7.37,15.69,1458.04,91.32,medium,us-east,384.21,256.16,HDD,On-Demand,Premium,156.79,54.53,1
38.88,7.11,1778.08,272.16,large,ap-southeast,266.47,170.66,SSD,Reserved,Premium,78.96,82.19,0
77.95,44.19,1206.44,209.28,medium,eu-west,121.12,371.19,SSD,On-Demand,Standard,129.21,131.32,1
93.85,42.58,813.48,609.9,medium,us-west,336.6,27.99,HDD,On-Demand,Basic,30.12,142.42,0
18.54,18.94,854.61,239.34,small,eu-west,49.25,242.64,HDD,Reserved,Basic,186.53,40.05,1
58.47,60.95,1406.46,572.25,small,ap-south,226.5,174.8,SSD,On-Demand,Premium,76.61,224.61,0
39.28,11.37,56.28,644.31,small,eu-west,90.05,461.06,HDD,On-Demand,Standard,145.9,94.29,1
92.29,28.8,1258.2,323.67,medium,us-east,100.38,15.88,HDD,Spot,Basic,4.07,68.43,0
80.79,60.5,743.21,656.96,large,eu-west,109.12,280.88,HDD,Reserved,Standard,41.04,143.95,0
80.45,28.02,1598.68,284.12,small,ap-south,199.49,372.93,SSD,Spot,Basic,97.42,73.08,0
47.18,41.59,231.33,694.85,large,us-west,35.06,247.66,HDD,Spot,Premium,175.65,98.23,1
42.33,26.65,1196.99,82.5,small,ap-southeast,204.92,51.85,SSD,Reserved,Standard,105.45,69.82,1
29.61,19.0,987.9,500.91,small,eu-west,260.74,486.51,SSD,Reserved,Standard,185.97,93.36,1
10.07,63.01,1302.53,365.67,medium,ap-south,246.81,263.83,SSD,On-Demand,Basic,96.76,93.5,1
82.83,27.38,176.46,291.35,small,ap-south,197.56,310.95,SSD,Spot,Basic,98.09,57.01,0
78.16,57.43,1180.97,462.9,small,us-west,421.18,125.94,SSD,Reserved,Basic,23.95,130.38,0
94.97,16.26,1144.89,512.7,medium,us-east,81.21,246.91,HDD,Spot,Standard,160.53,80.8,1
94.7,15.21,1143.29,23.05,large,eu-west,257.79,220.28,SSD,Spot,Premium,49.39,69.87,0
54.99,3.93,1226.8,136.87,small,ap-south,40.4,46.7,SSD,Reserved,Premium,179.92,64.39,1
74.21,42.4,1369.11,519.13,medium,us-west,44.87,62.02,SSD,On-Demand,Basic,182.16,148.82,1
90.03,24.85,1619.73,486.47,small,ap-southeast,291.19,420.36,HDD,Spot,Premium,188.66,109.45,1
81.47,55.59,576.15,696.23,medium,ap-south,287.35,127.51,HDD,Reserved,Basic,104.05,127.26,1
27.26,31.34,1658.85,552.73,large,us-west,440.24,105.53,HDD,On-Demand,Premium,135.42,158.94,1
45.55,62.03,1021.6,685.54,large,us-east,283.36,257.41,HDD,Spot,Standard,155.7,96.83,1
16.62,13.5,200.26,511.78,medium,us-east,480.3,386.69,HDD,Reserved,Basic,26.2,45.47,1
90.86,55.85,164.17,228.64,medium,ap-south,33.86,40.35,HDD,Spot,Premium,120.19,87.19,1
59.56,50.15,701.76,93.76,medium,ap-south,58.02,292.64,HDD,Reserved,Standard,6.86,79.31,0
25.58,49.8,1580.55,567.28,large,eu-west,31.59,68.41,SSD,Reserved,Premium,99.51,164.76,0
65.45,54.38,1429.98,470.9,small,us-west,100.79,27.87,SSD,Spot,Standard,30.97,100.27,0
60.63,49.18,1587.8,53.73,large,ap-south,275.22,35.84,HDD,Spot,Standard,36.58,64.07,0
37.23,40.83,1058.67,272.04,medium,eu-west,326.33,418.74,SSD,Reserved,Premium,73.01,116.47,0
15.22,10.14,908.39,689.76,medium,eu-west,32.34,67.81,SSD,On-Demand,Premium,86.49,113.15,1
65.44,4.02,337.53,370.28,large,ap-south,473.53,32.12,HDD,Spot,Standard,124.63,38.26,1
51.83,59.09,689.98,322.91,medium,us-east,422.66,224.57,SSD,Reserved,Standard,14.89,111.52,0
74.51,40.23,896.34,340.39,large,us-west,155.34,423.56,SSD,Reserved,Standard,100.74,113.51,1
51.81,51.39,222.77,166.22,medium,us-west,47.82,138.58,HDD,On-Demand,Basic,36.53,79.28,0
81.7,31.85,480.19,278.1,small,us-east,93.24,216.64,SSD,On-Demand,Standard,114.8,114.12,1
54.67,9.27,1216.54,278.87,small,ap-south,72.2,29.56,HDD,On-Demand,Basic,127.48,78.27,1
55.48,9.76,1484.54,56.65,medium,us-west,70.41,230.05,HDD,Spot,Standard,111.34,42.54,1
83.9,44.51,1996.78,557.3,large,ap-south,264.1,293.03,SSD,Reserved,Basic,147.66,145.77,1
41.31,28.68,1869.57,311.55,small,ap-south,130.47,289.74,SSD,Reserved,Standard,67.12,104.86,0
17.06,14.43,1303.0,595.53,large,eu-west,185.49,172.89,SSD,Reserved,Standard,153.02,79.05,1
7.59,32.48,871.43,615.24,medium,us-east,494.86,164.61,HDD,On-Demand,Standard,86.55,86.99,1
72.96,5.98,1290.55,168.4,large,ap-south,345.31,62.25,HDD,Reserved,Premium,96.84,71.33,0
60.83,38.08,1582.02,480.15,small,ap-southeast,475.0,189.73,HDD,Spot,Premium,129.62,105.4,1
68.37,18.68,280.76,350.6,large,us-east,79.85,58.75,SSD,On-Demand,Standard,3.67,98.78,0
24.17,51.45,849.31,636.11,large,us-west,197.25,385.63,SSD,On-Demand,Basic,130.8,106.0,1
17.27,21.24,1687.61,171.02,medium,eu-west,281.82,483.47,HDD,On-Demand,Basic,123.72,55.07,1
6.31,30.22,798.47,494.47,medium,us-west,47.61,485.34,SSD,On-Demand,Standard,61.97,81.62,1
36.55,2.72,1165.15,445.43,medium,us-west,12.05,433.88,SSD,Spot,Premium,17.16,58.28,0
58.09,6.49,1196.15,226.71,small,us-east,338.51,304.39,HDD,Reserved,Basic,18.19,49.47,0
40.3,26.33,409.73,115.62,small,us-west,324.49,353.42,HDD,Spot,Premium,184.64,45.73,1
44.37,31.76,756.36,476.15,medium,ap-south,211.29,149.75,SSD,Reserved,Basic,137.86,92.85,1
86.37,39.2,702.3,537.02,medium,us-west,249.93,319.08,HDD,Spot,Standard,25.42,85.38,0
36.34,20.08,101.08,240.94,small,eu-west,213.57,233.27,SSD,On-Demand,Premium,71.34,82.98,0
51.26,45.09,97.17,471.38,small,eu-west,21.76,246.19,HDD,On-Demand,Basic,118.5,99.71,1
75.53,55.33,1671.81,296.59,small,ap-southeast,174.33,381.31,HDD,Spot,Standard,167.11,87.07,1
40.69,50.35,582.49,519.24,small,eu-west,96.77,148.14,HDD,Spot,Standard,8.73,74.52,0
60.99,4.46,1060.25,159.45,medium,us-west,58.23,165.84,SSD,Reserved,Standard,47.33,53.27,0
82.61,31.79,632.51,643.15,small,eu-west,478.79,463.07,SSD,Spot,Premium,177.95,118.55,1
90.46,8.51,1884.32,221.19,medium,us-east,303.69,37.55,HDD,Spot,Premium,1.83,83.88,0
18.24,17.01,555.63,277.45,large,eu-west,367.04,247.96,HDD,Reserved,Standard,40.28,41.88,1
88.39,63.17,887.83,60.66,large,ap-south,164.53,457.27,HDD,Reserved,Premium,191.8,125.96,1
49.29,10.83,1751.82,98.06,small,us-east,202.64,309.08,SSD,Reserved,Basic,122.68,65.76,1
28.24,32.93,1691.77,381.1,large,ap-southeast,126.09,277.74,HDD,Spot,Standard,52.33,67.45,0
46.32,40.33,412.9,207.31,large,ap-south,57.51,132.37,HDD,Reserved,Standard,13.4,71.75,0
93.2,45.55,1615.15,604.84,large,us-west,97.73,178.2,HDD,On-Demand,Premium,5.64,219.78,0
49.34,36.7,943.46,30.29,small,us-west,400.78,427.5,HDD,On-Demand,Standard,48.95,75.93,0
34.59,2.61,991.79,285.37,small,us-west,342.0,284.02,SSD,On-Demand,Basic,176.3,53.66,1
62.01,22.24,310.29,256.14,large,ap-south,278.0,262.22,SSD,Spot,Premium,83.18,66.51,0
26.61,34.1,207.17,33.53,medium,ap-south,242.79,58.79,HDD,On-Demand,Premium,144.07,60.1,1
11.83,7.45,1469.48,107.06,large,ap-south,461.99,17.85,SSD,Spot,Standard,183.66,27.44,1
16.6,23.74,1018.1,309.55,small,us-east,45.64,482.21,SSD,Spot,Standard,81.61,41.51,1
16.52,4.06,901.86,365.01,small,us-east,147.49,194.72,SSD,On-Demand,Standard,38.26,58.12,1
18.67,6.87,1472.54,303.0,small,us-west,181.47,305.57,HDD,Reserved,Premium,103.42,63.39,1
17.49,26.61,1542.75,391.66,large,eu-west,393.39,49.06,SSD,Spot,Standard,181.62,52.83,1
62.68,10.23,359.87,436.59,medium,us-west,496.33,344.73,SSD,On-Demand,Basic,160.87,89.48,1
21.37,37.19,1239.94,26.95,small,ap-southeast,127.93,466.96,SSD,Spot,Standard,13.17,35.87,1
36.11,44.75,313.94,344.87,small,us-east,438.41,292.08,HDD,Reserved,Standard,138.51,80.43,1
85.71,51.64,1515.18,694.45,large,ap-south,417.01,71.8,HDD,Reserved,Premium,114.38,195.41,1
47.66,14.41,1331.06,383.32,medium,us-east,120.08,295.04,SSD,On-Demand,Standard,181.49,110.34,1
65.08,12.38,1915.4,494.28,large,ap-south,205.67,385.51,SSD,Spot,Premium,24.5,107.4,0
20.51,8.48,184.47,238.3,small,ap-southeast,210.74,209.14,HDD,Spot,Standard,106.81,21.39,1
22.31,41.46,161.26,561.79,medium,ap-southeast,489.33,441.12,HDD,Spot,Basic,175.89,44.81,1
8.68,45.8,600.26,561.05,medium,us-east,98.64,327.85,SSD,Spot,Basic,82.0,51.84,1
20.2,3.96,560.33,384.91,small,ap-south,401.59,450.63,SSD,On-Demand,Premium,96.4,69.26,1
30.07,60.05,531.61,703.21,medium,ap-southeast,173.75,315.52,HDD,Reserved,Premium,14.09,153.03,0
20.93,5.22,1817.2,107.89,medium,us-west,368.13,74.33,HDD,On-Demand,Standard,55.63,49.42,1
12.98,35.56,536.62,31.86,large,us-west,215.81,161.75,SSD,Spot,Standard,64.9,25.8,1
15.86,45.96,580.3,559.11,small,ap-south,293.4,108.88,HDD,Spot,Basic,189.02,48.48,1
46.47,56.0,1530.83,585.01,small,us-east,417.98,455.32,SSD,Reserved,Standard,56.53,146.94,0
23.57,46.27,926.99,104.15,small,ap-southeast,404.04,382.6,SSD,Spot,Basic,92.17,36.95,1
37.78,51.71,1564.59,205.91,small,us-east,434.55,341.44,SSD,On-Demand,Premium,134.26,154.19,1
50.31,23.05,177.46,32.29,small,us-west,39.21,157.47,HDD,On-Demand,Standard,32.44,50.37,0
67.14,52.52,1000.76,225.32,medium,ap-southeast,349.1,100.18,SSD,Reserved,Premium,97.29,138.07,0
8.54,6.97,115.55,561.2,large,us-east,78.59,380.66,SSD,On-Demand,Standard,147.71,60.08,1
76.95,57.48,172.17,382.57,small,eu-west,213.75,242.34,HDD,On-Demand,Basic,173.37,113.54,1
61.51,35.95,1817.55,263.67,large,ap-south,278.81,120.64,HDD,On-Demand,Premium,125.25,152.79,1
12.36,52.67,321.53,280.22,large,ap-south,207.34,312.14,SSD,On-Demand,Premium,133.81,91.05,1
83.62,30.04,1088.22,20.95,medium,eu-west,264.61,29.76,SSD,Spot,Standard,25.26,59.2,0
87.88,41.9,851.64,229.86,small,us-west,498.3,169.82,HDD,On-Demand,Premium,189.16,146.85,1
10.5,34.64,727.32,472.52,medium,ap-southeast,76.26,239.59,HDD,Reserved,Basic,26.51,57.99,1
29.92,47.36,1804.68,701.94,small,ap-south,340.97,82.5,HDD,Reserved,Premium,154.93,169.08,1
77.56,7.06,92.56,612.94,medium,eu-west,204.04,492.48,SSD,On-Demand,Premium,52.96,118.33,0
72.34,5.74,1344.39,36.52,large,eu-west,75.17,112.46,SSD,Reserved,Standard,186.72,53.33,1
21.61,17.32,1928.62,648.99,small,us-west,87.78,73.87,SSD,On-Demand,Premium,143.99,140.95,1
23.84,11.89,1142.33,568.24,large,us-west,475.14,109.73,HDD,Reserved,Standard,150.76,68.75,1
38.34,56.05,1876.8,566.26,large,us-east,441.0,386.84,SSD,Reserved,Standard,43.81,147.89,0
48.61,15.59,151.9,340.6,medium,ap-south,454.45,218.5,HDD,On-Demand,Premium,88.61,92.34,0
60.64,62.5,866.65,298.6,small,us-east,495.85,287.05,SSD,On-Demand,Basic,123.56,126.24,1
38.2,22.89,557.31,232.04,large,eu-west,112.07,20.29,HDD,Spot,Standard,153.99,43.06,1
46.63,13.29,1475.1,65.99,medium,ap-southeast,184.17,26.87,SSD,On-Demand,Premium,20.79,96.32,0
72.27,50.96,1963.53,179.76,small,ap-southeast,337.92,228.45,SSD,On-Demand,Standard,192.47,147.56,1
8.3,42.84,550.23,192.62,small,us-west,247.06,410.16,HDD,Spot,Basic,178.04,29.67,1
27.72,32.89,1325.64,358.85,large,ap-southeast,215.01,443.77,HDD,On-Demand,Basic,54.07,92.31,0
69.2,36.43,436.29,543.21,small,ap-southeast,185.33,52.49,SSD,On-Demand,Standard,164.55,139.47,1
85.57,46.59,1152.39,351.67,large,ap-southeast,300.95,273.8,HDD,Spot,Basic,103.66,74.67,1
51.05,16.16,954.67,60.49,small,eu-west,292.04,457.48,HDD,On-Demand,Premium,92.36,79.49,0
52.89,63.77,1945.41,690.45,medium,ap-southeast,89.11,200.11,SSD,On-Demand,Premium,62.89,254.94,0
14.65,62.44,1236.63,679.91,large,ap-southeast,241.15,416.49,HDD,Spot,Standard,116.19,72.0,1
45.27,42.32,731.54,569.63,large,ap-southeast,281.2,75.51,SSD,Spot,Basic,145.98,76.08,1
52.94,14.37,272.49,713.93,small,us-east,289.44,468.34,SSD,Reserved,Premium,82.19,134.18,0
26.82,44.17,344.93,401.14,small,eu-west,112.95,378.2,HDD,On-Demand,Premium,125.84,119.7,1
29.23,6.48,489.37,693.94,large,us-west,373.71,471.25,HDD,Reserved,Premium,139.86,84.13,1
38.96,3.9,539.38,72.92,small,us-east,22.35,341.54,SSD,Reserved,Standard,142.22,30.43,1
6.81,17.98,1708.7,275.98,medium,ap-south,183.87,188.07,SSD,Spot,Standard,10.39,42.01,1
33.99,30.68,1144.38,177.77,small,eu-west,392.3,469.71,SSD,On-Demand,Premium,171.95,113.03,1
24.03,55.83,1070.61,157.08,medium,eu-west,286.31,145.03,SSD,On-Demand,Premium,91.65,103.18,1
34.47,47.08,273.8,118.56,medium,ap-south,137.97,172.76,SSD,Spot,Basic,52.48,42.91,0
15.78,48.05,1727.27,455.69,medium,ap-south,350.53,353.4,SSD,Reserved,Basic,48.35,85.12,1
85.15,28.38,1459.49,566.93,medium,ap-south,288.02,385.0,HDD,Spot,Basic,96.6,81.63,0
58.42,23.45,181.95,424.81,medium,us-west,400.16,465.41,HDD,On-Demand,Standard,177.37,94.09,1
66.12,25.0,1430.28,122.87,small,ap-southeast,370.16,110.35,HDD,Spot,Premium,75.67,70.46,0
76.03,63.23,1109.9,587.79,medium,eu-west,308.95,401.02,SSD,On-Demand,Standard,149.95,186.53,1
49.86,4.49,209.36,465.17,small,ap-southeast,249.21,371.89,HDD,Reserved,Premium,19.36,67.34,0
12.82,55.76,943.69,291.72,medium,ap-southeast,75.26,41.26,SSD,On-Demand,Basic,95.21,78.46,1
53.34,37.88,995.16,491.89,large,ap-south,138.05,199.74,SSD,Reserved,Basic,198.34,106.08,1
57.82,29.19,373.26,201.93,medium,us-west,215.36,148.56,HDD,Reserved,Basic,154.09,61.14,1
72.09,46.97,1894.11,261.63,large,us-east,303.66,159.2,SSD,On-Demand,Basic,42.11,136.29,0
43.85,32.17,1707.45,662.24,medium,us-west,261.72,491.64,SSD,On-Demand,Premium,100.29,203.55,1
16.48,56.15,1354.59,223.35,medium,ap-southeast,151.21,324.96,SSD,Reserved,Basic,46.72,69.06,1
30.54,57.84,951.48,348.99,medium,us-west,13.17,361.66,SSD,Spot,Premium,81.91,95.26,0
37.68,28.15,852.94,643.1,large,ap-south,253.16,488.54,SSD,On-Demand,Premium,156.02,168.75,1
63.13,19.16,1319.4,515.4,large,us-east,149.96,194.83,SSD,Reserved,Standard,154.24,116.71,1
56.37,38.73,1113.59,63.54,medium,ap-south,369.96,402.9,HDD,Reserved,Basic,45.62,67.16,0
37.05,58.57,171.43,123.11,small,us-east,21.73,222.92,SSD,Spot,Basic,184.44,48.19,1
93.79,15.06,1049.38,25.49,medium,ap-southeast,296.57,436.07,SSD,On-Demand,Standard,118.51,90.73,1
59.52,40.62,1622.49,461.65,large,us-east,471.32,98.52,SSD,Reserved,Premium,75.98,164.64,0
26.35,41.16,945.52,333.37,medium,us-east,95.46,474.37,SSD,Spot,Basic,100.39,58.42,1
14.16,47.45,151.32,113.99,large,us-east,241.11,117.2,HDD,Reserved,Premium,121.01,50.55,1
18.76,10.16,1583.24,690.55,large,us-west,54.8,169.85,HDD,On-Demand,Standard,111.98,94.58,1
27.14,46.38,442.66,390.76,large,us-west,316.58,380.53,SSD,Spot,Premium,97.28,81.35,0
19.46,58.36,554.31,189.33,medium,ap-southeast,279.76,202.94,SSD,Reserved,Basic,100.99,58.19,1
21.79,13.14,371.18,370.42,large,us-east,209.61,308.02,SSD,Spot,Premium,35.28,43.48,1
30.66,16.73,693.92,495.73,large,eu-west,265.47,227.84,HDD,On-Demand,Premium,162.55,115.21,1
20.6,62.23,1525.67,73.37,medium,ap-southeast,449.32,373.76,HDD,Spot,Basic,108.35,42.31,1
85.71,13.22,1062.8,212.29,large,us-east,106.18,121.88,HDD,On-Demand,Basic,26.22,86.32,0
12.22,54.97,449.52,584.88,medium,us-east,21.06,38.64,HDD,Reserved,Premium,153.23,99.93,1
52.21,32.52,1761.77,341.77,large,us-west,432.22,156.97,SSD,On-Demand,Premium,186.49,167.11,1
41.94,17.33,1765.18,402.6,small,ap-southeast,292.79,242.41,HDD,Reserved,Standard,189.46,93.84,1
93.41,55.99,1747.63,322.97,small,us-east,446.42,92.33,HDD,Reserved,Basic,73.8,121.44,0
15.08,29.61,515.65,50.73,large,us-east,302.5,183.85,SSD,On-Demand,Premium,27.1,51.28,1
40.81,33.92,929.92,136.02,small,ap-southeast,406.98,205.99,SSD,Reserved,Basic,103.68,67.1,1
92.25,24.27,1970.73,331.88,medium,eu-west,220.54,38.12,HDD,Spot,Standard,22.52,82.89,0
82.9,38.76,1555.42,166.43,small,ap-southeast,377.43,295.82,HDD,Reserved,Premium,186.8,127.72,1
78.54,12.14,102.98,54.99,large,ap-southeast,457.39,443.33,HDD,On-Demand,Premium,36.72,70.68,0
28.21,26.25,177.15,610.55,large,eu-west,290.34,84.35,HDD,Spot,Premium,50.55,74.78,0
20.38,62.1,954.67,706.83,medium,ap-southeast,98.58,302.93,SSD,Spot,Basic,81.33,71.11,1
65.18,18.0,1822.98,575.2,large,us-east,141.71,335.72,SSD,Reserved,Standard,76.63,131.81,0
88.64,42.72,1100.47,617.65,medium,ap-southeast,107.34,215.47,HDD,Reserved,Basic,158.93,124.14,1
55.11,22.16,1020.73,189.38,small,eu-west,130.96,353.54,HDD,On-Demand,Premium,91.26,105.79,0
56.45,49.96,255.67,692.44,small,ap-south,160.14,211.26,HDD,Spot,Standard,34.15,85.53,0
30.2,10.11,1330.72,157.85,medium,ap-southeast,282.02,257.27,HDD,On-Demand,Premium,53.44,81.98,0
74.25,62.13,1653.1,686.0,medium,us-west,298.12,13.6,HDD,Reserved,Premium,101.82,200.27,1
21.83,30.13,791.82,716.37,large,us-east,218.98,348.94,SSD,Spot,Basic,29.49,58.21,1
34.13,16.64,1562.44,518.21,small,us-east,311.56,334.06,SSD,On-Demand,Premium,122.33,155.99,1
43.29,6.56,1930.73,706.8,medium,us-west,49.97,28.82,SSD,On-Demand,Standard,113.15,119.85,1
50.68,12.52,447.34,418.68,small,us-west,53.02,190.44,HDD,On-Demand,Premium,142.94,107.71,1
26.82,34.23,1070.49,201.68,medium,ap-southeast,94.2,489.73,HDD,On-Demand,Premium,187.54,102.96,1
15.34,22.89,609.92,325.9,small,us-west,263.86,216.16,SSD,On-Demand,Basic,182.45,56.05,1
59.96,53.39,1596.07,435.49,large,ap-south,114.86,255.95,SSD,Spot,Standard,189.22,97.79,1
30.98,28.72,1176.31,71.16,small,eu-west,148.81,455.87,HDD,On-Demand,Basic,48.94,62.2,0
57.31,17.42,1287.44,455.64,small,us-west,206.15,361.46,SSD,Spot,Premium,26.31,93.97,0
18.89,40.26,1605.93,706.82,small,us-west,407.81,295.21,HDD,On-Demand,Basic,60.46,104.01,1
48.3,45.82,822.14,153.08,small,ap-south,16.79,400.92,HDD,Reserved,Basic,179.02,70.81,1
